timestamp,signal_timestamp,entry_timestamp,exit_timestamp,signal,direction,score,reasons,entry,exit,pnl,outcome,duration_bars,duration_minutes,mfe_r,mae_r,rr_realized,rr_model,exit_reason,drawdown,volume_z,delta_z,cvd_slope_z,cvd_condition,delta_condition,buy_sell_ratio,big_trade,vwap,distance_to_poc,absorption,absorption_score,target_price,target_r
2026-06-18 01:40:00+00:00,2026-06-18 01:40:00+00:00,2026-06-18 01:45:00+00:00,2026-06-18 02:45:00+00:00,direction,direction,score,reasons,64585.7,64747.164249999994,-49.999999999999154,LOSS,13,60.0,0.8769743147476828,1.0175627112503414,-0.9999999999999831,1.5,stop_loss,0.5,-0.6270596109033261,0.1453719853520114,0.14537198535201146,NEUTRAL,NEUTRAL,1.1352682910480276,False,64605.56025927835,-0.0003074078949032525,NONE,0.0,64343.503625,1.5
2026-06-18 03:00:00+00:00,2026-06-18 03:00:00+00:00,2026-06-18 03:05:00+00:00,2026-06-18 03:25:00+00:00,direction,direction,score,reasons,64553.1,64311.025875,74.62499999999974,WIN,5,20.0,1.6879127416034334,0.2521954793805681,1.4999999999999951,1.5,take_profit,0.5,2.10464120034371,-1.414307517443495,-1.4143075174434947,DOWN,SELL,0.5638794777195649,False,64602.6846888791,-0.0007690808689820566,NONE,0.0,64311.025875,1.5
2026-06-18 03:40:00+00:00,2026-06-18 03:40:00+00:00,2026-06-18 03:45:00+00:00,2026-06-18 04:10:00+00:00,direction,direction,score,reasons,64298.1,64056.982124999995,75.18468750000112,WIN,6,25.0,3.1920072288294588,0.5151007572541205,1.5000000000000222,1.5,take_profit,0.5,2.8261709480127335,1.4763869855120786,1.4763869855120784,UP,BUY,1.4089452823259763,False,64541.35946654577,-0.0037705971575003228,NONE,0.0,64056.982124999995,1.5
2026-06-18 04:25:00+00:00,2026-06-18 04:25:00+00:00,2026-06-18 04:30:00+00:00,2026-06-18 05:05:00+00:00,direction,direction,score,reasons,63912.0,63672.33,75.74857265624945,WIN,8,35.0,1.5765427462761388,0.28977343847792536,1.499999999999989,1.5,take_profit,0.5,-0.2611411882601684,0.3204523813978731,0.3204523813978728,NEUTRAL,NEUTRAL,0.9463600039826322,False,64347.93223864239,-0.0063855587517681585,NONE,0.0,63672.33,1.5
2026-06-18 05:20:00+00:00,2026-06-18 05:20:00+00:00,2026-06-18 05:25:00+00:00,2026-06-18 06:40:00+00:00,direction,direction,score,reasons,63891.2,64050.928,-50.87779130078214,LOSS,16,75.0,0.5002253831513208,1.126915756786537,-1.0000000000000175,1.5,stop_loss,0.5000000000000034,-0.7831052166497632,0.42640700922446706,0.4264070092244668,NEUTRAL,NEUTRAL,1.4410104499358338,False,64223.580668966315,-0.00374276901332684,NONE,0.0,63651.608,1.5
2026-06-18 06:55:00+00:00,2026-06-18 06:55:00+00:00,2026-06-18 07:00:00+00:00,2026-06-18 07:20:00+00:00,direction,direction,score,reasons,64054.9,64215.03725,-50.623402344277274,LOSS,5,20.0,0.43462717137954193,1.0796988208552443,-0.9999999999999986,1.5,stop_loss,0.9975000000000057,3.099917820685367,2.7852235859666363,2.785223585966635,UP,BUY,2.136283252279381,False,64179.10752580173,0.000604752898750988,BUY_ABSORPTION,-1.0,63814.694125,1.5
2026-06-18 07:35:00+00:00,2026-06-18 07:35:00+00:00,2026-06-18 07:40:00+00:00,2026-06-18 08:05:00+00:00,direction,direction,score,reasons,64421.8,64582.8545,-50.37028533255544,LOSS,6,25.0,0.45077908409889705,1.3020437181202453,-0.9999999999999897,1.5,stop_loss,1.492512500000004,2.4660090191055297,1.8087801926810199,1.8087801926810199,UP,BUY,1.933130626955993,False,64181.291692534505,0.0065346493003572296,NONE,0.0,64180.218250000005,1.5
2026-06-18 08:20:00+00:00,2026-06-18 08:20:00+00:00,2026-06-18 08:25:00+00:00,2026-06-18 09:00:00+00:00,direction,direction,score,reasons,64545.0,64302.95625,75.17765085883886,WIN,8,35.0,1.5821519869858418,0.19149430629794068,1.4999999999999818,1.5,take_profit,1.492512500000004,-0.9646066733010534,-0.30848170897179084,-0.30848170897179084,NEUTRAL,NEUTRAL,1.1237419960669301,False,64217.68089718653,0.00709706330817191,NONE,0.0,64302.95625,1.5
2026-06-18 09:15:00+00:00,2026-06-18 09:15:00+00:00,2026-06-18 09:20:00+00:00,2026-06-18 09:30:00+00:00,direction,direction,score,reasons,64442.2,64200.54175,75.7414832402812,WIN,3,10.0,1.6324706481156757,0.0,1.5000000000000024,1.5,take_profit,1.492512500000004,-0.8328360949778876,0.9011173718637168,0.9011173718637165,UP,NEUTRAL,2.384216139353004,False,64234.99812810418,0.003032114065831701,NONE,0.0,64200.54175,1.5
2026-06-18 09:45:00+00:00,2026-06-18 09:45:00+00:00,2026-06-18 09:50:00+00:00,2026-06-18 10:10:00+00:00,direction,direction,score,reasons,64240.2,63999.29925,76.3095443645834,WIN,5,20.0,1.7235313713219802,0.09838076469253154,1.5000000000000044,1.5,take_profit,1.492512500000004,-1.2233063011429364,0.5004277504577095,0.5004277504577103,UP,NEUTRAL,0.8981791155704199,False,64236.477688055646,-0.0005737835964793999,NONE,0.0,63999.29925,1.5
2026-06-18 10:25:00+00:00,2026-06-18 10:25:00+00:00,2026-06-18 10:30:00+00:00,2026-06-18 10:50:00+00:00,direction,direction,score,reasons,63942.7,64102.556749999996,-51.25457729821139,LOSS,5,20.0,0.17453126001869912,1.597054863182211,-0.9999999999999938,1.5,stop_loss,1.492512500000004,1.4398241254268478,-1.059571148121879,-1.059571148121879,DOWN,SELL,0.5635728875734711,False,64220.038403312356,-0.005012683388516174,NONE,0.0,63702.914874999995,1.5
2026-06-18 11:05:00+00:00,2026-06-18 11:05:00+00:00,2026-06-18 11:10:00+00:00,2026-06-18 12:30:00+00:00,direction,direction,score,reasons,64043.3,64203.40825,-50.99830441171984,LOSS,17,80.0,1.1760793088426293,1.2222980389829825,-0.9999999999999843,1.5,stop_loss,1.492512500000004,-0.6460948150241425,-0.2675990426831242,-0.2675990426831241,NEUTRAL,NEUTRAL,0.5746338268566664,False,64209.20329638838,-0.0033293062274084837,NONE,0.0,63803.137625,1.5
2026-06-18 12:45:00+00:00,2026-06-18 12:45:00+00:00,2026-06-18 12:50:00+00:00,2026-06-18 13:35:00+00:00,direction,direction,score,reasons,64323.4,64082.18725,76.11496933449266,WIN,10,45.0,2.2206537589741746,0.6218576754338234,1.4999999999999922,1.5,take_profit,1.492512500000004,1.5770096461701308,1.8125594338205215,1.8125594338205209,UP,BUY,2.1175674421104578,False,64190.71832179799,0.0034184517655763834,NONE,0.0,64082.18725,1.5
2026-06-18 13:50:00+00:00,2026-06-18 13:50:00+00:00,2026-06-18 13:55:00+00:00,2026-06-18 14:05:00+00:00,direction,direction,score,reasons,64069.9,63829.637875,76.6858316045021,WIN,3,10.0,1.9210268784562132,0.39269610222585927,1.5000000000000069,1.5,take_profit,1.492512500000004,0.0636020210970212,0.06335747404726622,0.06335747404726662,NEUTRAL,NEUTRAL,1.0502379391193768,False,64179.576885137765,-8.88331178280006e-05,NONE,0.0,63829.637875,1.5
2026-06-18 14:20:00+00:00,2026-06-18 14:20:00+00:00,2026-06-18 14:25:00+00:00,2026-06-18 14:25:00+00:00,direction,direction,score,reasons,64060.7,63820.472375,77.26097534153537,WIN,1,1.0,2.0742826725277563,0.0,1.4999999999999971,1.5,take_profit,1.492512500000004,0.3419993751951101,1.0497289902971836,1.0497289902971831,UP,BUY,1.4398875014156702,False,64158.58636450087,0.00026545211691216165,NONE,0.0,63820.472375,1.5
2026-06-18 14:40:00+00:00,2026-06-18 14:40:00+00:00,2026-06-18 14:45:00+00:00,2026-06-18 14:50:00+00:00,direction,direction,score,reasons,63841.3,63601.895125,77.84043265659707,WIN,2,5.0,1.7311677550426003,0.7957231447354612,1.500000000000001,1.5,take_profit,1.492512500000004,-0.9942912931904495,0.15269270368848545,0.15269270368848567,NEUTRAL,NEUTRAL,1.0099171988310425,False,64149.09486115169,-0.002997423880616475,NONE,0.0,63601.895125,1.5
2026-06-18 15:05:00+00:00,2026-06-18 15:05:00+00:00,2026-06-18 15:10:00+00:00,2026-06-18 15:15:00+00:00,direction,direction,score,reasons,63642.9,63404.239125,78.42423590152198,WIN,2,5.0,3.060199959461316,0.28345659924358285,1.5000000000000089,1.5,take_profit,1.492512500000004,0.25468001509151683,-0.947453525498458,-0.9474535254984582,DOWN,NEUTRAL,0.5845073705924562,False,64115.82899943078,-0.005046526171891026,NONE,0.0,63404.239125,1.5
2026-06-18 15:30:00+00:00,2026-06-18 15:30:00+00:00,2026-06-18 15:35:00+00:00,2026-06-18 15:35:00+00:00,direction,direction,score,reasons,63263.2,63025.962999999996,79.01241767078326,WIN,1,1.0,2.572743711984182,0.0006322791133285751,1.5000000000000064,1.5,take_profit,1.492512500000004,0.38566083400420786,-0.07441861502980858,-0.07441861502980861,NEUTRAL,NEUTRAL,0.9275310341432713,False,64007.47728785335,-0.007987155411534396,NONE,0.0,63025.962999999996,1.5
2026-06-18 15:50:00+00:00,2026-06-18 15:50:00+00:00,2026-06-18 15:55:00+00:00,2026-06-18 15:55:00+00:00,direction,direction,score,reasons,62500.7,62266.322374999996,79.60501080331413,WIN,1,1.0,1.7190207469676249,0.15807822952385728,1.5000000000000062,1.5,take_profit,1.492512500000004,1.1368018879940047,-0.7192080806768043,-0.7192080806768036,DOWN,NEUTRAL,0.8103606929480572,False,63838.31144376294,-0.015825121542035997,NONE,0.0,62266.322374999996,1.5
2026-06-18 16:10:00+00:00,2026-06-18 16:10:00+00:00,2026-06-18 16:15:00+00:00,2026-06-18 16:45:00+00:00,direction,direction,score,reasons,62601.8,62758.304500000006,-53.46803225622671,LOSS,7,30.0,0.8063665900980762,1.196131740620858,-1.0000000000000175,1.5,stop_loss,1.492512500000004,-0.8982283119438021,0.3162558955810166,0.31625589558101685,NEUTRAL,NEUTRAL,1.2272622849986292,False,63724.77307108519,-0.011717488533640538,NONE,0.0,62367.04325,1.5
2026-06-18 17:00:00+00:00,2026-06-18 17:00:00+00:00,2026-06-18 17:05:00+00:00,2026-06-18 17:25:00+00:00,direction,direction,score,reasons,62539.3,62304.777625,79.80103814241711,WIN,5,20.0,1.9079202997155573,0.6760548966809483,1.500000000000003,1.5,take_profit,1.492512500000004,-0.7242674579333147,0.12600600309317425,0.12600600309317414,NEUTRAL,NEUTRAL,1.0373575308780492,False,63661.58562502692,-0.010681689845495057,NONE,0.0,62304.777625,1.5
2026-06-18 17:40:00+00:00,2026-06-18 17:40:00+00:00,2026-06-18 17:45:00+00:00,2026-06-18 18:15:00+00:00,direction,direction,score,reasons,62622.2,62778.7555,-53.599697285657484,LOSS,7,30.0,0.8699790170258924,1.4346350016448213,-1.0000000000000142,1.5,stop_loss,1.492512500000004,-0.5781369622712328,0.1266099261750717,0.1266099261750718,NEUTRAL,NEUTRAL,1.4059271745691866,False,63594.22352348578,-0.006873168748896931,NONE,0.0,62387.366749999994,1.5
2026-06-18 18:30:00+00:00,2026-06-18 18:30:00+00:00,2026-06-18 18:35:00+00:00,2026-06-18 19:40:00+00:00,direction,direction,score,reasons,62778.9,62935.84725,-53.33169879922756,LOSS,14,65.0,1.1589881313626167,1.2813222276911418,-0.9999999999999836,1.5,stop_loss,1.492512500000004,-0.12737559118310388,-0.1366279746983204,-0.13662797469832075,NEUTRAL,NEUTRAL,1.1309390667706862,False,63557.07273721363,-0.0018419069952440412,NONE,0.0,62543.479125,1.5
2026-06-18 19:55:00+00:00,2026-06-18 19:55:00+00:00,2026-06-18 20:00:00+00:00,2026-06-18 20:00:00+00:00,direction,direction,score,reasons,62925.3,63082.61325,-53.06504030523204,LOSS,1,1.0,0.0,1.7563682652287433,-0.9999999999999952,1.5,stop_loss,1.492512500000004,0.5403124586961812,-0.11300387864275392,-0.11300387864275455,NEUTRAL,NEUTRAL,0.944465574168086,False,63519.525718520286,0.0045868599099229265,NONE,0.0,62689.330125,1.5
2026-06-18 20:15:00+00:00,2026-06-18 20:15:00+00:00,2026-06-18 20:20:00+00:00,2026-06-18 21:10:00+00:00,direction,direction,score,reasons,63166.2,62929.32675,79.19957265555817,WIN,11,50.0,1.83009267614642,0.6370495613160571,1.4999999999999802,1.5,take_profit,1.492512500000004,-0.6590593285195764,-0.1787197020146032,-0.17871970201460302,NEUTRAL,NEUTRAL,0.8082373565586652,False,63511.79968805077,0.007385642450748962,NONE,0.0,62929.32675,1.5
2026-06-18 21:25:00+00:00,2026-06-18 21:25:00+00:00,2026-06-18 21:30:00+00:00,2026-06-19 03:10:00+00:00,direction,direction,score,reasons,62931.0,62695.00875,79.79356945047559,WIN,69,340.0,1.5839570323052046,0.997918355023756,1.4999999999999942,1.5,take_profit,1.492512500000004,-0.589674162424491,-0.2798978201072659,-0.27989782010726644,NEUTRAL,NEUTRAL,0.5244020430663997,False,63499.796156592376,0.0013720283726301025,NONE,0.0,62695.00875,1.5
2026-06-19 03:25:00+00:00,2026-06-19 03:25:00+00:00,2026-06-19 03:30:00+00:00,2026-06-19 04:30:00+00:00,direction,direction,score,reasons,62809.7,62574.163624999994,80.3920212213556,WIN,13,60.0,2.0614650284908036,0.503743848482039,1.5000000000000213,1.5,take_profit,1.492512500000004,-0.05639141972087847,0.11723394763867791,0.11723394763867889,NEUTRAL,NEUTRAL,0.8856088164912167,False,62741.84606284387,0.0009146651512478649,NONE,0.0,62574.163624999994,1.5
2026-06-19 04:45:00+00:00,2026-06-19 04:45:00+00:00,2026-06-19 04:50:00+00:00,2026-06-19 04:55:00+00:00,direction,direction,score,reasons,62636.5,62401.613125,80.99496138051343,WIN,2,5.0,1.6654825860321245,0.09834521405251861,1.4999999999999778,1.5,take_profit,1.492512500000004,-0.4819186312865119,0.2526469382388052,0.2526469382388042,NEUTRAL,NEUTRAL,1.375591310604553,False,62721.893759835766,-0.000966800217029919,NONE,0.0,62401.613125,1.5
2026-06-19 05:10:00+00:00,2026-06-19 05:10:00+00:00,2026-06-19 05:15:00+00:00,2026-06-19 06:00:00+00:00,direction,direction,score,reasons,62638.1,62794.69525,-54.40161572724513,LOSS,10,45.0,0.7331001419263716,1.0721908870160586,-0.9999999999999903,1.5,stop_loss,1.492512500000004,0.09845295594378169,-0.20527388854421413,-0.20527388854421494,NEUTRAL,NEUTRAL,0.9172225745085605,False,62699.288473823246,-0.00040924238653206936,NONE,0.0,62403.207125,1.5
2026-06-19 06:15:00+00:00,2026-06-19 06:15:00+00:00,2026-06-19 06:20:00+00:00,2026-06-19 07:35:00+00:00,direction,direction,score,reasons,62763.0,62527.63875,81.19441147291474,WIN,16,75.0,1.8953842231888307,0.8527317049854399,1.500000000000011,1.5,take_profit,1.492512500000004,-0.3579190000806517,-0.21881119603362653,-0.2188111960336223,NEUTRAL,NEUTRAL,1.0312597131566092,False,62696.06309697032,0.0020776299924609295,NONE,0.0,62527.63875,1.5
2026-06-19 07:50:00+00:00,2026-06-19 07:50:00+00:00,2026-06-19 07:55:00+00:00,2026-06-19 08:35:00+00:00,direction,direction,score,reasons,62585.5,62741.96375,-54.535579705974904,LOSS,9,40.0,0.516413546268723,1.1031309169056638,-1.0000000000000167,1.5,stop_loss,1.492512500000004,1.2705253208176879,2.052523608404066,2.052523608404056,UP,BUY,1.344548216845962,False,62688.754238003276,-0.0008660512790287727,NONE,0.0,62350.804375,1.5
2026-06-19 08:50:00+00:00,2026-06-19 08:50:00+00:00,2026-06-19 08:55:00+00:00,2026-06-19 09:10:00+00:00,direction,direction,score,reasons,62563.6,62328.9865,81.39435271116601,WIN,4,15.0,1.7895389651490736,0.3810522412393056,1.4999999999999967,1.5,take_profit,1.492512500000004,-0.5394198332460579,-1.5003749309103687,-1.500374930910369,DOWN,SELL,0.22511670084395577,False,62683.11070172531,-0.0011180336815407109,NONE,0.0,62328.9865,1.5
2026-06-19 09:25:00+00:00,2026-06-19 09:25:00+00:00,2026-06-19 09:30:00+00:00,2026-06-19 10:05:00+00:00,direction,direction,score,reasons,62344.1,62499.96025,-54.66987357099922,LOSS,8,35.0,0.2829457799535067,1.2485543940805852,-0.9999999999999866,1.5,stop_loss,1.492512500000004,-0.10270403376125892,0.14262097879413235,0.14262097879413277,NEUTRAL,NEUTRAL,0.8684934202435125,False,62658.310279749625,-0.004084848003302645,NONE,0.0,62110.309625,1.5
2026-06-19 10:20:00+00:00,2026-06-19 10:20:00+00:00,2026-06-19 10:25:00+00:00,2026-06-19 10:55:00+00:00,direction,direction,score,reasons,62402.8,62558.807,-54.39652420314418,LOSS,7,30.0,0.17435115090992304,1.0723877774714956,-0.9999999999999858,1.5,stop_loss,1.492512500000004,-0.745246057463222,0.15551431064690527,0.15551431064690255,NEUTRAL,NEUTRAL,0.9465874258288884,False,62636.637317674715,-0.0021990132020859253,NONE,0.0,62168.789500000006,1.5
2026-06-19 11:10:00+00:00,2026-06-19 11:10:00+00:00,2026-06-19 11:15:00+00:00,2026-06-19 11:20:00+00:00,direction,direction,score,reasons,62465.9,62622.064750000005,-54.12454158213047,LOSS,2,5.0,0.2106749442495919,1.2704531592436927,-1.0000000000000226,1.5,stop_loss,1.4925125000000043,-0.8785043968662405,0.305230874158985,0.30523087415897915,NEUTRAL,NEUTRAL,1.7691063538817589,False,62627.77717061739,-0.0005316777413150263,NONE,0.0,62231.652875,1.5
2026-06-19 11:35:00+00:00,2026-06-19 11:35:00+00:00,2026-06-19 11:40:00+00:00,2026-06-19 12:35:00+00:00,direction,direction,score,reasons,62616.8,62381.987,80.78087831132852,WIN,12,55.0,1.5765736990711943,0.28682398333989717,1.5000000000000122,1.5,take_profit,1.4925125000000043,-0.6319097841460286,0.13761559908667026,0.1376155990866672,NEUTRAL,NEUTRAL,1.757351558933319,False,62626.492390168765,0.0020135209755302833,NONE,0.0,62381.987,1.5
2026-06-19 12:50:00+00:00,2026-06-19 12:50:00+00:00,2026-06-19 12:55:00+00:00,2026-06-19 13:05:00+00:00,direction,direction,score,reasons,62719.7,62876.49924999999,-54.25782326577397,LOSS,3,10.0,0.25063895394905034,1.6275588052876806,-0.9999999999999769,1.5,stop_loss,1.4925125000000043,3.8960462525240045,3.113659933593459,3.113659933593454,UP,BUY,1.2860178449781148,False,62619.47865270242,0.0037601296998942017,NONE,0.0,62484.501124999995,1.5
2026-06-19 13:20:00+00:00,2026-06-19 13:20:00+00:00,2026-06-19 13:25:00+00:00,2026-06-19 13:35:00+00:00,direction,direction,score,reasons,62706.2,62862.9655,-53.98653414944682,LOSS,3,10.0,0.0,1.45121216083896,-1.0000000000000087,1.5,stop_loss,1.743688122971079,-0.3498475149017056,-0.17259470489115034,-0.17259470489114942,NEUTRAL,NEUTRAL,1.0435022823947175,False,62633.78162121051,0.002068231101262179,NONE,0.0,62471.05175,1.5
2026-06-19 13:50:00+00:00,2026-06-19 13:50:00+00:00,2026-06-19 13:55:00+00:00,2026-06-19 14:35:00+00:00,direction,direction,score,reasons,63189.8,63347.7745,-53.716601478697974,LOSS,9,40.0,1.373639416488104,1.3198332642293533,-0.9999999999999786,1.5,stop_loss,2.2349696823562137,0.17554597334142305,-0.8535237168187763,-0.8535237168187763,DOWN,NEUTRAL,0.7228147903400216,True,62694.759335302886,0.006597010768718648,NONE,0.0,62952.83825,1.5
2026-06-19 14:50:00+00:00,2026-06-19 14:50:00+00:00,2026-06-19 14:55:00+00:00,2026-06-19 15:20:00+00:00,direction,direction,score,reasons,63233.7,62996.573625,80.17202770695839,WIN,6,25.0,1.5232383997773062,0.0006325740863230889,1.4999999999999991,1.5,take_profit,2.2349696823562137,-0.6096123622163931,-0.5417029199646589,-0.5417029199646591,DOWN,NEUTRAL,0.48526035448617866,False,62743.62266094993,0.005002839601417182,NONE,0.0,62996.573625,1.5
2026-06-19 15:35:00+00:00,2026-06-19 15:35:00+00:00,2026-06-19 15:40:00+00:00,2026-06-19 15:40:00+00:00,direction,direction,score,reasons,63094.2,63251.9355,-53.84887860984128,LOSS,1,1.0,0.09129206805059216,1.0910670077440134,-1.0000000000000158,1.5,stop_loss,2.2349696823562137,-0.906780296822277,-0.6068013012427123,-0.6068013012427126,DOWN,NEUTRAL,0.37153666932538515,False,62758.39903730551,0.0019470299352727914,NONE,0.0,62857.59675,1.5
2026-06-19 15:55:00+00:00,2026-06-19 15:55:00+00:00,2026-06-19 16:00:00+00:00,2026-06-19 16:10:00+00:00,direction,direction,score,reasons,63193.1,63351.08275,-53.57963421679218,LOSS,3,10.0,0.7886937023187566,1.1615192164967376,-1.000000000000018,1.5,stop_loss,2.484252178723036,-0.6449567038428716,0.2631118952173776,0.26311189521737743,NEUTRAL,NEUTRAL,1.457478814837803,False,62765.981236327425,0.0032369719165089086,NONE,0.0,62956.125875,1.5
2026-06-19 16:25:00+00:00,2026-06-19 16:25:00+00:00,2026-06-19 16:30:00+00:00,2026-06-19 16:50:00+00:00,direction,direction,score,reasons,63286.2,63048.876749999996,79.96760406856131,WIN,5,20.0,1.6825153034942664,0.48920617765011304,1.500000000000008,1.5,take_profit,2.484252178723036,-0.530821857344507,0.5619842935810897,0.5619842935810897,UP,NEUTRAL,1.926824140263634,False,62785.50362004424,0.004034544344916474,NONE,0.0,63048.876749999996,1.5
2026-06-19 17:05:00+00:00,2026-06-19 17:05:00+00:00,2026-06-19 17:10:00+00:00,2026-06-19 17:45:00+00:00,direction,direction,score,reasons,62942.5,63099.85625,-53.71157406604907,LOSS,8,35.0,0.672995194026303,1.7190292727489374,-0.9999999999999815,1.5,stop_loss,2.484252178723036,0.034983212288608366,0.21391791766689977,0.21391791766689974,NEUTRAL,NEUTRAL,1.1495886214442013,False,62796.3070502868,-0.002920070306556323,NONE,0.0,62706.465625,1.5
2026-06-19 18:00:00+00:00,2026-06-19 18:00:00+00:00,2026-06-19 18:05:00+00:00,2026-06-19 22:40:00+00:00,direction,direction,score,reasons,63120.0,63277.8,-53.4430161957208,LOSS,56,275.0,1.3472750316856688,1.278200253485406,-1.0000000000000184,1.5,stop_loss,2.7328990514645684,-0.5907876494158871,-0.7361468779150921,-0.7361468779150927,DOWN,NEUTRAL,0.3804901261004045,False,62806.74406579966,-0.00026695780061369623,NONE,0.0,62883.3,1.5
2026-06-19 22:55:00+00:00,2026-06-19 22:55:00+00:00,2026-06-19 23:00:00+00:00,2026-06-19 23:55:00+00:00,direction,direction,score,reasons,63287.8,63446.0195,-53.17580111474096,LOSS,12,55.0,0.23890860481800857,2.2576231121953807,-0.999999999999995,1.5,stop_loss,3.219234556207246,-0.565935780253245,-0.47280889039866675,-0.47280889039866697,NEUTRAL,NEUTRAL,0.626295573710523,False,62836.591773053166,0.0024423309081831705,NONE,0.0,63050.47075,1.5
2026-06-20 00:10:00+00:00,2026-06-20 00:10:00+00:00,2026-06-20 00:15:00+00:00,2026-06-20 00:30:00+00:00,direction,direction,score,reasons,63493.9,63652.634750000005,-52.90992210916859,LOSS,4,15.0,0.3332603604440833,1.6133833328870868,-1.0000000000000204,1.5,stop_loss,3.703138383426225,-0.04075936559317808,-0.45495710345000395,-0.454957103450004,NEUTRAL,NEUTRAL,0.6945336453854387,False,63498.802319301874,0.0028773784045557182,NONE,0.0,63255.797875000004,1.5
2026-06-20 00:45:00+00:00,2026-06-20 00:45:00+00:00,2026-06-20 00:50:00+00:00,2026-06-20 02:50:00+00:00,direction,direction,score,reasons,63565.0,63326.63125,78.96805874793299,WIN,25,120.0,1.6556280972233057,0.1837489184299353,1.500000000000009,1.5,take_profit,3.703138383426225,-0.29611083704085717,-0.19232677261554595,-0.19232677261554607,NEUTRAL,NEUTRAL,1.41124005812175,False,63579.47022630258,0.002692772288829683,NONE,0.0,63326.63125,1.5
2026-06-20 03:05:00+00:00,2026-06-20 03:05:00+00:00,2026-06-20 03:10:00+00:00,2026-06-20 03:40:00+00:00,direction,direction,score,reasons,63308.5,63466.77125,-53.04021279236064,LOSS,7,30.0,0.07961016293229847,1.1290742949208847,-0.9999999999999871,1.5,stop_loss,3.703138383426225,-0.465511423745133,0.39130307111293355,0.39130307111293344,NEUTRAL,NEUTRAL,0.889634935482631,False,63501.12749561251,-0.002748936184890759,NONE,0.0,63071.093125,1.5
2026-06-20 03:55:00+00:00,2026-06-20 03:55:00+00:00,2026-06-20 04:00:00+00:00,2026-06-20 05:05:00+00:00,direction,direction,score,reasons,63440.5,63599.10125,-52.77501172839943,LOSS,14,65.0,0.45964328780511793,1.66013823976799,-0.9999999999999981,1.5,stop_loss,3.9486773248869302,-0.6135879426982899,0.3956236382101174,0.3956236382101175,NEUTRAL,NEUTRAL,1.1927613670732937,False,63491.64794676631,-0.0008055854339956367,NONE,0.0,63202.598125,1.5
2026-06-20 05:20:00+00:00,2026-06-20 05:20:00+00:00,2026-06-20 05:25:00+00:00,2026-06-20 08:00:00+00:00,direction,direction,score,reasons,63705.3,63466.405125000005,78.76670500463568,WIN,32,155.0,1.7009573771727091,0.43261706639789266,1.4999999999999885,1.5,take_profit,3.9486773248869302,-0.12100508371754336,-0.2688853352495828,-0.2688853352495841,NEUTRAL,NEUTRAL,1.0363866286290657,False,63548.24511962948,0.0025252743855105324,NONE,0.0,63466.405125000005,1.5
2026-06-20 08:15:00+00:00,2026-06-20 08:15:00+00:00,2026-06-20 08:20:00+00:00,2026-06-20 09:40:00+00:00,direction,direction,score,reasons,63524.0,63682.81,-52.90497019477993,LOSS,17,80.0,1.0326805616774761,1.0213462628297783,-0.9999999999999853,1.5,stop_loss,3.9486773248869302,-0.1726671906992037,0.2227693242647964,0.22276932426479631,NEUTRAL,NEUTRAL,0.8527990041838112,False,63579.37797814728,-0.002048756905918305,NONE,0.0,63285.785,1.5
2026-06-20 09:55:00+00:00,2026-06-20 09:55:00+00:00,2026-06-20 10:00:00+00:00,2026-06-20 13:20:00+00:00,direction,direction,score,reasons,63700.8,63461.922000000006,78.96066801570919,WIN,41,200.0,2.7239846281365563,0.4345314344560639,1.499999999999981,1.5,take_profit,3.9486773248869302,0.6493389562926491,0.11198874720037283,0.11198874720037391,NEUTRAL,NEUTRAL,0.983334775741578,False,63567.40690734359,0.0018471441437315878,NONE,0.0,63461.922000000006,1.5
2026-06-20 13:35:00+00:00,2026-06-20 13:35:00+00:00,2026-06-20 13:40:00+00:00,2026-06-20 14:10:00+00:00,direction,direction,score,reasons,63418.4,63180.581,79.55287302582904,WIN,7,30.0,1.7799250690651567,0.31221222862765374,1.5000000000000193,1.5,take_profit,3.9486773248869302,0.07114625573964077,1.1447359760306437,1.144735976030644,UP,BUY,2.0980518972857336,False,63558.77254727478,-0.0020235391507187057,NONE,0.0,63180.581,1.5
2026-06-20 14:25:00+00:00,2026-06-20 14:25:00+00:00,2026-06-20 14:30:00+00:00,2026-06-20 14:40:00+00:00,direction,direction,score,reasons,63347.4,63505.7685,-53.43301304901342,LOSS,3,10.0,0.25762699021587565,1.058291263729836,-0.99999999999998,1.5,stop_loss,3.9486773248869302,-0.8234639667644948,0.44484312709515733,0.44484312709515755,NEUTRAL,NEUTRAL,1.2644355765161135,False,63531.95096669584,-0.0014738667898698391,NONE,0.0,63109.84725,1.5
2026-06-20 14:55:00+00:00,2026-06-20 14:55:00+00:00,2026-06-20 15:00:00+00:00,2026-06-20 15:15:00+00:00,direction,direction,score,reasons,63929.4,64089.2235,-53.165847983768955,LOSS,4,15.0,0.7470741161343698,2.4439459779068695,-0.9999999999999913,1.5,stop_loss,3.9486773248869302,-0.02018224976230386,-0.5998692912820909,-0.5998692912820907,DOWN,NEUTRAL,0.581257036952699,False,63580.880699085756,0.00528118543800353,NONE,0.0,63689.66475,1.5
2026-06-20 15:30:00+00:00,2026-06-20 15:30:00+00:00,2026-06-20 15:35:00+00:00,2026-06-20 16:30:00+00:00,direction,direction,score,reasons,64125.2,63884.7305,79.35002811577561,WIN,12,55.0,1.560696886715345,0.33434593576319965,1.4999999999999951,1.5,take_profit,3.9486773248869302,-0.20659378543720278,-0.20620791073296527,-0.20620791073296504,NEUTRAL,NEUTRAL,1.031122274182391,False,63654.28802777109,0.00600961202254264,NONE,0.0,63884.7305,1.5
2026-06-20 16:45:00+00:00,2026-06-20 16:45:00+00:00,2026-06-20 16:50:00+00:00,2026-06-20 17:35:00+00:00,direction,direction,score,reasons,63993.5,63753.524375,79.94515332664386,WIN,10,45.0,2.0727105096611282,0.16314156906559912,1.4999999999999942,1.5,take_profit,3.9486773248869302,-0.5976015797222427,-0.2218115573537742,-0.2218115573537748,NEUTRAL,NEUTRAL,0.8254099642229763,False,63682.187955385714,0.0031602842348409125,NONE,0.0,63753.524375,1.5
2026-06-20 17:50:00+00:00,2026-06-20 17:50:00+00:00,2026-06-20 17:55:00+00:00,2026-06-20 21:10:00+00:00,direction,direction,score,reasons,63807.6,63967.119,-53.69649465106274,LOSS,40,195.0,0.35920485960917276,1.3935644029864962,-1.0000000000000016,1.5,stop_loss,3.9486773248869302,-0.5344248542248834,-0.005997093363155956,-0.005997093363155491,NEUTRAL,NEUTRAL,0.6664109637541121,False,63693.320734926885,-0.0010324681340551157,NONE,0.0,63568.3215,1.5
2026-06-20 21:25:00+00:00,2026-06-20 21:25:00+00:00,2026-06-20 21:30:00+00:00,2026-06-20 21:50:00+00:00,direction,direction,score,reasons,63902.9,64062.657250000004,-53.42801217780815,LOSS,5,20.0,0.10202979833467908,1.0246796311278337,-1.0000000000000149,1.5,stop_loss,3.9486773248869302,0.13705824507190856,0.2261558733833039,0.22615587338330875,NEUTRAL,NEUTRAL,1.3847604118120578,False,63703.961458336176,0.000790894360701455,NONE,0.0,63663.264125,1.5
2026-06-20 22:05:00+00:00,2026-06-20 22:05:00+00:00,2026-06-20 22:10:00+00:00,2026-06-20 22:20:00+00:00,direction,direction,score,reasons,64005.1,64165.11275,-53.160872116918874,LOSS,3,10.0,0.1906098107807034,1.211778436405858,-1.0000000000000107,1.5,stop_loss,3.9486773248869302,-0.3295674523957627,0.23757194649534788,0.23757194649535585,NEUTRAL,NEUTRAL,1.9581161116430827,False,63706.97092576114,0.001798542910051508,NONE,0.0,63765.080875,1.5
2026-06-20 22:35:00+00:00,2026-06-20 22:35:00+00:00,2026-06-20 22:40:00+00:00,2026-06-21 03:20:00+00:00,direction,direction,score,reasons,64231.4,64391.978500000005,-52.895067756334775,LOSS,57,280.0,0.20177047363128595,1.3613279486357048,-1.0000000000000202,1.5,stop_loss,3.9486773248869302,-0.04385402602821272,-1.2355237204779612,-1.2355237204779725,DOWN,SELL,0.5588877200144452,False,63718.40508496235,0.003833740350905819,NONE,0.0,63990.532250000004,1.5
2026-06-21 03:35:00+00:00,2026-06-21 03:35:00+00:00,2026-06-21 03:40:00+00:00,2026-06-21 04:25:00+00:00,direction,direction,score,reasons,64386.0,64546.965,-52.63059241755089,LOSS,10,45.0,0.23359115335631064,1.096511664026341,-0.9999999999999782,1.5,stop_loss,4.211522663474778,0.5831546291547868,0.1960833030154833,0.19608330301548257,NEUTRAL,NEUTRAL,1.2964692729371032,False,64263.60026776359,0.0018899717202588186,NONE,0.0,64144.5525,1.5
2026-06-21 04:40:00+00:00,2026-06-21 04:40:00+00:00,2026-06-21 04:45:00+00:00,2026-06-21 05:05:00+00:00,direction,direction,score,reasons,64456.1,64214.389624999996,78.5511591831972,WIN,5,20.0,1.5539258503074276,0.0006205774162479256,1.5000000000000144,1.5,take_profit,4.211522663474778,-0.5459226721244401,-0.49782918751536587,-0.49782918751536676,NEUTRAL,NEUTRAL,0.6996630290289672,False,64318.47914930896,0.0019406039781999704,NONE,0.0,64214.389624999996,1.5
2026-06-21 05:20:00+00:00,2026-06-21 05:20:00+00:00,2026-06-21 05:25:00+00:00,2026-06-21 08:25:00+00:00,direction,direction,score,reasons,64261.4,64020.41975,79.14029287707056,WIN,37,180.0,1.5138170036756395,0.48738433958796806,1.500000000000003,1.5,take_profit,4.211522663474778,0.5587743074656577,-0.9065091541918001,-0.9065091541918044,DOWN,NEUTRAL,0.6008324180163765,False,64311.140468462036,-0.0010004661892128739,NONE,0.0,64020.41975,1.5
2026-06-21 08:40:00+00:00,2026-06-21 08:40:00+00:00,2026-06-21 08:45:00+00:00,2026-06-21 09:35:00+00:00,direction,direction,score,reasons,63960.0,64119.9,-53.1558967157661,LOSS,11,50.0,0.40963101938711693,1.58223889931207,-1.0000000000000089,1.5,stop_loss,4.211522663474778,-0.13614838158242487,0.5450474079245721,0.5450474079245724,UP,NEUTRAL,1.3183849009451438,False,64245.1633355316,-0.0032757005639634917,NONE,0.0,63720.15,1.5
2026-06-21 09:50:00+00:00,2026-06-21 09:50:00+00:00,2026-06-21 09:55:00+00:00,2026-06-21 10:20:00+00:00,direction,direction,score,reasons,64175.5,64335.93875,-52.89011723218718,LOSS,6,25.0,0.0660688268887569,1.1767730676036987,-1.0000000000000073,1.5,stop_loss,4.211522663474778,-0.584872996103988,0.899875528269244,0.8998755282692458,UP,NEUTRAL,3.2347018557227427,False,64214.87708331833,0.0012257170163678785,NONE,0.0,63934.841875,1.5
2026-06-21 10:35:00+00:00,2026-06-21 10:35:00+00:00,2026-06-21 10:40:00+00:00,2026-06-21 11:15:00+00:00,direction,direction,score,reasons,64322.4,64081.191,78.93849996903961,WIN,8,35.0,1.5241968583261727,0.814024352325171,1.500000000000016,1.5,take_profit,4.211522663474778,-1.2834249041607038,-0.5965611514112286,-0.5965611514112311,DOWN,NEUTRAL,1.3061126373626373,False,64218.30011841754,0.0032501527548913227,NONE,0.0,64081.191,1.5
2026-06-21 11:30:00+00:00,2026-06-21 11:30:00+00:00,2026-06-21 11:35:00+00:00,2026-06-21 12:15:00+00:00,direction,direction,score,reasons,64233.7,63992.823625,79.53053871880653,WIN,9,40.0,1.6041423738629321,0.20300870104014448,1.499999999999999,1.5,take_profit,4.211522663474778,0.04297864194055136,-0.7180797249913429,-0.7180797249913454,DOWN,NEUTRAL,0.8219976451227218,False,64230.21997344619,0.001157320796778359,NONE,0.0,63992.823625,1.5
2026-06-21 12:30:00+00:00,2026-06-21 12:30:00+00:00,2026-06-21 12:35:00+00:00,2026-06-21 12:50:00+00:00,direction,direction,score,reasons,63980.7,64140.65175,-53.418011839465144,LOSS,4,15.0,0.40449698112085103,1.1084592697485518,-1.000000000000001,1.5,stop_loss,4.211522663474778,-0.5161702688262151,0.6942774063928815,0.6942774063928829,UP,NEUTRAL,1.4859417636696488,False,64217.12497194332,-0.0027480974466049402,NONE,0.0,63740.772375,1.5
2026-06-21 13:05:00+00:00,2026-06-21 13:05:00+00:00,2026-06-21 13:10:00+00:00,2026-06-21 15:40:00+00:00,direction,direction,score,reasons,64129.6,64289.924,-53.150921780267936,LOSS,31,150.0,0.9973553554053133,1.2955016092413136,-1.000000000000003,1.5,stop_loss,4.211522663474778,-1.2258347040670197,0.7262676512494061,0.7262676512494093,UP,NEUTRAL,2.3070098576122673,False,64208.67394978669,-0.000731850399041715,NONE,0.0,63889.114,1.5
2026-06-21 15:55:00+00:00,2026-06-21 15:55:00+00:00,2026-06-21 16:00:00+00:00,2026-06-21 18:00:00+00:00,direction,direction,score,reasons,64200.2,63959.44925,79.32775075704937,WIN,25,120.0,1.5588736483686787,0.195638019819262,1.4999999999999953,1.5,take_profit,4.211522663474778,-0.4675045833805006,-0.7150462100282081,-0.7150462100282112,DOWN,NEUTRAL,0.6818450462067482,False,64198.019246015174,0.0016503007580230512,NONE,0.0,63959.44925,1.5
2026-06-21 18:15:00+00:00,2026-06-21 18:15:00+00:00,2026-06-21 18:20:00+00:00,2026-06-21 18:30:00+00:00,direction,direction,score,reasons,63985.4,64145.3635,-53.281805925151005,LOSS,3,10.0,0.022505133983680932,1.2127766646766294,-0.9999999999999875,1.5,stop_loss,4.211522663474778,-0.3424467553268961,0.9107448800432872,0.9107448800433019,UP,NEUTRAL,2.128184581376071,False,64188.58656825086,-0.002172025704767043,NONE,0.0,63745.454750000004,1.5
2026-06-21 18:45:00+00:00,2026-06-21 18:45:00+00:00,2026-06-21 18:50:00+00:00,2026-06-21 20:45:00+00:00,direction,direction,score,reasons,64161.0,63920.39625,79.52309534328954,WIN,24,115.0,3.2399744393011147,0.772431851124524,1.5000000000000127,1.5,take_profit,4.211522663474778,-0.19244904912884933,-0.4746123310854564,-0.4746123310854629,NEUTRAL,NEUTRAL,0.7514582903159199,False,64187.30434998113,0.0004343723274762593,NONE,0.0,63920.39625,1.5
2026-06-21 21:00:00+00:00,2026-06-21 21:00:00+00:00,2026-06-21 21:05:00+00:00,2026-06-21 21:05:00+00:00,direction,direction,score,reasons,63796.2,63556.96425,80.11951855836348,WIN,1,1.0,1.75370946858902,0.08652552973376415,1.499999999999999,1.5,take_profit,4.211522663474778,0.007215939675780765,0.2300087715940883,0.23000877159408908,NEUTRAL,NEUTRAL,1.1688773406564341,False,64161.2339335075,-0.0028565050151510385,NONE,0.0,63556.96425,1.5
2026-06-21 21:20:00+00:00,2026-06-21 21:20:00+00:00,2026-06-21 21:25:00+00:00,2026-06-21 21:35:00+00:00,direction,direction,score,reasons,63677.7,63836.89425,-53.81360996503433,LOSS,3,10.0,0.4623282562027118,1.7104889152717697,-1.000000000000003,1.5,stop_loss,4.211522663474778,0.5316202733078763,1.499979330160945,1.499979330160946,UP,BUY,2.2396001459913215,False,64126.03560735293,-0.0028163676147707675,NONE,0.0,63438.908625,1.5
2026-06-21 21:50:00+00:00,2026-06-21 21:50:00+00:00,2026-06-21 21:55:00+00:00,2026-06-21 22:10:00+00:00,direction,direction,score,reasons,63785.3,63546.105125,80.31681287281384,WIN,4,15.0,1.519472354915649,0.2978742751072739,1.5000000000000062,1.5,take_profit,4.211522663474778,-0.36146975412484894,-0.3412938037853114,-0.3412938037853114,NEUTRAL,NEUTRAL,0.6111685039644659,False,64114.90000506021,-0.0008037782892007815,NONE,0.0,63546.105125,1.5
2026-06-21 22:25:00+00:00,2026-06-21 22:25:00+00:00,2026-06-21 22:30:00+00:00,2026-06-21 23:30:00+00:00,direction,direction,score,reasons,63700.8,63461.922000000006,80.91918896935857,WIN,13,60.0,2.553186145228982,0.8740863537035458,1.4999999999999807,1.5,take_profit,4.211522663474778,-1.1239183955328413,-0.4232628785551524,-0.42326287855515377,NEUTRAL,NEUTRAL,0.813920403168441,False,64095.0979838388,-0.001446093653320964,NONE,0.0,63461.922000000006,1.5
2026-06-21 23:45:00+00:00,2026-06-21 23:45:00+00:00,2026-06-21 23:50:00+00:00,2026-06-22 00:05:00+00:00,direction,direction,score,reasons,63318.5,63476.79625,-54.35072192441967,LOSS,4,15.0,0.3910389538602554,1.4940341290460133,-0.9999999999999962,1.5,stop_loss,4.211522663474778,0.3920891357688444,0.3385237633616326,0.3385237633616333,NEUTRAL,NEUTRAL,1.1510349135691003,False,64030.31767020735,-0.005189825762308048,NONE,0.0,63081.055625,1.5
2026-06-22 00:20:00+00:00,2026-06-22 00:20:00+00:00,2026-06-22 00:25:00+00:00,2026-06-22 00:30:00+00:00,direction,direction,score,reasons,63628.0,63787.07,-54.07896831479767,LOSS,2,5.0,0.212485069466291,1.044823033884435,-0.9999999999999981,1.5,stop_loss,4.211522663474778,-0.13362999415959242,0.5969081452720295,0.5969081452720298,UP,NEUTRAL,1.2357592335801801,False,63506.33186771663,0.00032057633189105667,NONE,0.0,63389.395,1.5
2026-06-22 00:45:00+00:00,2026-06-22 00:45:00+00:00,2026-06-22 00:50:00+00:00,2026-06-22 01:00:00+00:00,direction,direction,score,reasons,63825.7,63985.26425,-53.80857347322483,LOSS,3,10.0,0.7739828940379816,1.282868813033022,-1.0000000000000193,1.5,stop_loss,4.211522663474778,-0.07199157033337707,0.5960045989908714,0.5960045989908718,UP,NEUTRAL,1.2956033953976138,False,63692.05469380598,0.0032371068653430086,NONE,0.0,63586.353624999996,1.5
2026-06-22 01:15:00+00:00,2026-06-22 01:15:00+00:00,2026-06-22 01:20:00+00:00,2026-06-22 01:20:00+00:00,direction,direction,score,reasons,64054.3,64214.435750000004,-53.53953060585808,LOSS,1,1.0,0.05807572637592112,2.2693246198927732,-1.000000000000008,1.5,stop_loss,4.211522663474778,1.4743136116611801,2.226511240052913,2.2265112400529237,UP,BUY,1.5603698487801945,False,63768.142141851626,0.006266679510572413,NONE,0.0,63814.096375,1.5
2026-06-22 01:35:00+00:00,2026-06-22 01:35:00+00:00,2026-06-22 01:40:00+00:00,2026-06-22 01:55:00+00:00,direction,direction,score,reasons,64491.9,64653.12975,-53.2718329528279,LOSS,4,15.0,0.4862626159254198,1.0835469260480592,-0.9999999999999913,1.5,stop_loss,4.211522663474778,-0.15771128524436326,-0.15925594533042972,-0.15925594533042975,NEUTRAL,NEUTRAL,1.1691300168228789,False,64110.747167527785,0.009434344596997336,NONE,0.0,64250.055375,1.5
2026-06-22 02:10:00+00:00,2026-06-22 02:10:00+00:00,2026-06-22 02:15:00+00:00,2026-06-22 02:50:00+00:00,direction,direction,score,reasons,64520.0,64278.05,79.50821068209538,WIN,8,35.0,1.7575945443273402,0.5945443273403686,1.4999999999999818,1.5,take_profit,4.211522663474778,-0.8013525918195221,-0.3418425313676318,-0.3418425313676322,NEUTRAL,NEUTRAL,1.063589864063985,False,64186.09065242229,0.008432257051976007,NONE,0.0,64278.05,1.5
2026-06-22 03:05:00+00:00,2026-06-22 03:05:00+00:00,2026-06-22 03:10:00+00:00,2026-06-22 03:15:00+00:00,direction,direction,score,reasons,64047.7,64207.81925,-53.40301484147584,LOSS,2,5.0,0.36035642185431854,1.671254393210097,-1.000000000000021,1.5,stop_loss,4.211522663474778,-0.08790823366045535,-0.5022567692929325,-0.5022567692929335,DOWN,NEUTRAL,0.6845361251344865,False,64193.57763966327,-5.0558766010360726e-05,NONE,0.0,63807.521125,1.5
2026-06-22 03:30:00+00:00,2026-06-22 03:30:00+00:00,2026-06-22 03:35:00+00:00,2026-06-22 03:55:00+00:00,direction,direction,score,reasons,64251.2,64010.257999999994,79.7039996509019,WIN,5,20.0,2.303458923724382,0.0,1.5000000000000173,1.5,take_profit,4.211522663474778,-0.17062592573315813,-0.5749306108725316,-0.5749306108725323,DOWN,NEUTRAL,0.6529292150797719,False,64197.33175541285,0.0019857215300657315,NONE,0.0,64010.257999999994,1.5
2026-06-22 04:10:00+00:00,2026-06-22 04:10:00+00:00,2026-06-22 04:15:00+00:00,2026-06-22 05:05:00+00:00,direction,direction,score,reasons,63935.1,64094.93775,-53.53451976552142,LOSS,11,50.0,0.4291852206377939,1.781806863522559,-0.9999999999999923,1.5,stop_loss,4.211522663474778,-0.5871145467650342,0.9909952764125005,0.9909952764125012,UP,NEUTRAL,1.6582729058085957,False,64179.20111757524,-0.004440513531541818,NONE,0.0,63695.343375,1.5
2026-06-22 05:20:00+00:00,2026-06-22 05:20:00+00:00,2026-06-22 05:25:00+00:00,2026-06-22 06:35:00+00:00,direction,direction,score,reasons,64224.2,63983.359249999994,79.90027075004237,WIN,15,70.0,1.5993971119920258,0.5455887344646151,1.500000000000019,1.5,take_profit,4.211522663474778,-1.0344445245966176,-0.32389439991461555,-0.3238943999146168,NEUTRAL,NEUTRAL,0.5952348479284912,False,64167.796051636105,-0.0013043962743354365,NONE,0.0,63983.359249999994,1.5
2026-06-22 06:50:00+00:00,2026-06-22 06:50:00+00:00,2026-06-22 06:55:00+00:00,2026-06-22 07:10:00+00:00,direction,direction,score,reasons,63968.7,64128.62175,-53.66634852044489,LOSS,4,15.0,0.23574029173640915,1.6345493968143887,-1.0000000000000084,1.5,stop_loss,4.211522663474778,-0.054952508927686536,0.4858872296836422,0.48588722968364173,NEUTRAL,NEUTRAL,0.9903424702342013,False,64165.10315844531,-0.002064327754324343,NONE,0.0,63728.817375,1.5
2026-06-22 07:25:00+00:00,2026-06-22 07:25:00+00:00,2026-06-22 07:30:00+00:00,2026-06-22 11:25:00+00:00,direction,direction,score,reasons,64232.5,64393.08125,-53.39801677784319,LOSS,48,235.0,1.3550772583972197,1.341377028762707,-1.0000000000000182,1.5,stop_loss,4.211522663474778,0.17904732770171244,0.7835871862879041,0.7835871862879037,UP,NEUTRAL,1.3271863831453892,False,64164.060441570466,0.0021848374791399203,NONE,0.0,63991.628125,1.5
2026-06-22 11:40:00+00:00,2026-06-22 11:40:00+00:00,2026-06-22 11:45:00+00:00,2026-06-22 12:00:00+00:00,direction,direction,score,reasons,64592.1,64753.58025,-53.13102669395318,LOSS,4,15.0,0.3102546596255489,1.7828805689859994,-1.000000000000003,1.5,stop_loss,4.211522663474778,0.21032836882299452,-1.858950367240103,-1.8589503672401064,DOWN,SELL,0.6126600674623034,False,64197.1135926932,0.004532695109492959,NONE,0.0,64349.879625,1.5
2026-06-22 12:15:00+00:00,2026-06-22 12:15:00+00:00,2026-06-22 12:20:00+00:00,2026-06-22 12:20:00+00:00,direction,direction,score,reasons,64703.8,64865.5595,-52.86537156048328,LOSS,1,1.0,0.11003990492059453,1.5665231408355873,-1.0000000000000007,1.5,stop_loss,4.211522663474778,-0.4411498290030146,-0.44109226901024234,-0.4410922690102429,NEUTRAL,NEUTRAL,0.7351463342290614,False,64243.00632076027,0.003983959978016199,NONE,0.0,64461.16075,1.5
2026-06-22 12:35:00+00:00,2026-06-22 12:35:00+00:00,2026-06-22 12:40:00+00:00,2026-06-22 13:30:00+00:00,direction,direction,score,reasons,65073.0,65235.6825,-52.601044702681676,LOSS,11,50.0,0.9675287753753566,1.0265394249535138,-1.000000000000016,1.5,stop_loss,4.265299953189343,1.628850335975061,2.061308025411956,2.0613080254119565,UP,BUY,2.054911671668848,True,64292.28692437337,0.007745705854388723,NONE,0.0,64828.97625,1.5
2026-06-22 13:45:00+00:00,2026-06-22 13:45:00+00:00,2026-06-22 13:50:00+00:00,2026-06-22 14:15:00+00:00,direction,direction,score,reasons,65470.4,65224.886,78.50705921875203,WIN,6,25.0,2.0992692881057606,0.7747012390331852,1.5000000000000173,1.5,take_profit,4.265299953189343,2.293019978306852,2.390299292655652,2.390299292655653,UP,BUY,2.0196658511096337,False,64455.86285030776,0.009151817852293341,NONE,0.0,65224.886,1.5
2026-06-22 14:30:00+00:00,2026-06-22 14:30:00+00:00,2026-06-22 14:35:00+00:00,2026-06-22 15:55:00+00:00,direction,direction,score,reasons,64984.7,64741.007374999994,79.09586216289284,WIN,17,80.0,1.6157649415939446,0.8155765895664672,1.5000000000000204,1.5,take_profit,4.265299953189343,1.1961983022195062,0.6447433374171051,0.6447433374171033,UP,NEUTRAL,1.2523261313610636,False,64539.71746289392,0.00013515159524936637,NONE,0.0,64741.007374999994,1.5
2026-06-22 16:10:00+00:00,2026-06-22 16:10:00+00:00,2026-06-22 16:15:00+00:00,2026-06-22 17:30:00+00:00,direction,direction,score,reasons,64705.7,64463.053625,79.68908112911235,WIN,16,75.0,2.167969746096539,0.4543649168465838,1.4999999999999791,1.5,take_profit,4.265299953189343,-0.4888010724751106,1.178030257539433,1.1780302575394312,UP,BUY,2.232309351409644,False,64580.421541385,-0.0057212299716740585,NONE,0.0,64463.053625,1.5
2026-06-22 17:45:00+00:00,2026-06-22 17:45:00+00:00,2026-06-22 17:50:00+00:00,2026-06-22 18:00:00+00:00,direction,direction,score,reasons,64477.6,64638.794,-53.52449949172225,LOSS,3,10.0,0.000620370485244766,1.2798243110785943,-1.0000000000000195,1.5,stop_loss,4.265299953189343,-0.40586491859239116,0.27242245055454584,0.2724224505545428,NEUTRAL,NEUTRAL,1.1334359763920965,False,64580.118537455135,-0.006659084455153117,NONE,0.0,64235.809,1.5
2026-06-22 18:15:00+00:00,2026-06-22 18:15:00+00:00,2026-06-22 18:20:00+00:00,2026-06-22 18:45:00+00:00,direction,direction,score,reasons,64624.2,64381.859249999994,79.88531549139488,WIN,6,25.0,1.7584743795667788,0.2946264711981321,1.5000000000000189,1.5,take_profit,4.265299953189343,-0.56257286743587,0.16371694333541784,0.16371694333541936,NEUTRAL,NEUTRAL,1.136045210122183,False,64580.777527125574,-0.0025008196526705106,NONE,0.0,64381.859249999994,1.5
2026-06-22 19:00:00+00:00,2026-06-22 19:00:00+00:00,2026-06-22 19:05:00+00:00,2026-06-22 20:00:00+00:00,direction,direction,score,reasons,64333.0,64493.8325,-53.65630357171848,LOSS,12,55.0,0.5782413380380209,1.761459903937344,-0.99999999999998,1.5,stop_loss,4.265299953189343,-0.03939693070450725,1.0194626739754793,1.0194626739754784,UP,BUY,1.733266896380875,False,64575.43220895165,-0.004827009063857826,NONE,0.0,64091.75125,1.5
2026-06-22 20:15:00+00:00,2026-06-22 20:15:00+00:00,2026-06-22 20:20:00+00:00,2026-06-22 21:20:00+00:00,direction,direction,score,reasons,64464.2,64222.45925,80.08203308079052,WIN,13,60.0,1.5152596324781638,0.0645319417599316,1.499999999999983,1.5,take_profit,4.265299953189343,-0.8734605731059348,-0.39703840259738904,-0.3970384025973869,NEUTRAL,NEUTRAL,0.5599615044559375,False,64568.68979232793,-0.0005587850310353177,NONE,0.0,64222.45925,1.5
2026-06-22 21:35:00+00:00,2026-06-22 21:35:00+00:00,2026-06-22 21:40:00+00:00,2026-06-22 22:00:00+00:00,direction,direction,score,reasons,64169.0,64329.4225,-53.788432219265104,LOSS,5,20.0,0.1851361249201146,1.2579282831273848,-1.0000000000000036,1.5,stop_loss,4.265299953189343,2.3087927994621635,-3.188655126655282,-3.188655126655279,DOWN,SELL,0.3906645118909901,False,64562.73798134952,-0.003991234361403181,NONE,0.0,63928.36625,1.5
2026-06-22 22:15:00+00:00,2026-06-22 22:15:00+00:00,2026-06-22 22:20:00+00:00,2026-06-22 22:25:00+00:00,direction,direction,score,reasons,64242.4,64001.491,80.27923508725276,WIN,2,5.0,2.362302778227473,0.04732077257386738,1.4999999999999978,1.5,take_profit,4.265299953189343,-0.5626261966424844,-0.029743106407699522,-0.029743106407696188,NEUTRAL,NEUTRAL,0.710491939081119,False,64559.4577641621,-0.0021864081591654494,NONE,0.0,64001.491,1.5
2026-06-22 22:40:00+00:00,2026-06-22 22:40:00+00:00,2026-06-22 22:45:00+00:00,2026-06-22 23:05:00+00:00,direction,direction,score,reasons,63817.4,63976.9435,-53.920886233604776,LOSS,5,20.0,0.10843437683141532,1.0780758852601329,-0.9999999999999986,1.5,stop_loss,4.265299953189343,0.6261486101811493,-0.21968954250650297,-0.21968954250650286,NEUTRAL,NEUTRAL,0.8030419167669343,False,64539.94405372401,-0.007030709364299896,NONE,0.0,63578.08475,1.5
2026-06-22 23:20:00+00:00,2026-06-22 23:20:00+00:00,2026-06-22 23:25:00+00:00,2026-06-23 00:50:00+00:00,direction,direction,score,reasons,63969.1,64129.02275,-53.651281802436124,LOSS,18,85.0,1.037375858031465,1.0061107628526988,-0.9999999999999868,1.5,stop_loss,4.265299953189343,-0.4036818754307939,0.4693356294741084,0.4693356294741101,NEUTRAL,NEUTRAL,1.736622641509434,False,64527.399363726145,-0.003335480605713068,NONE,0.0,63729.215875,1.5
2026-06-23 01:05:00+00:00,2026-06-23 01:05:00+00:00,2026-06-23 01:10:00+00:00,2026-06-23 01:45:00+00:00,direction,direction,score,reasons,64177.4,63936.73475,80.07453809013637,WIN,8,35.0,1.8205785837381916,0.3571350662382436,1.499999999999989,1.5,take_profit,4.265299953189343,0.572799183572648,1.4138854830642942,1.4138854830642855,UP,BUY,1.735621798786187,False,64032.36355660265,0.0021589945268770043,NONE,0.0,63936.73475,1.5
2026-06-23 02:00:00+00:00,2026-06-23 02:00:00+00:00,2026-06-23 02:05:00+00:00,2026-06-23 04:20:00+00:00,direction,direction,score,reasons,64129.7,63889.213625,80.67509712581311,WIN,28,135.0,1.5948928499587371,0.7328897531097136,1.5000000000000024,1.5,take_profit,4.265299953189343,-0.21159629139523087,-0.9032164179458396,-0.9032164179458423,DOWN,NEUTRAL,0.6711402413649604,False,64051.30938884903,0.0017771778425213,NONE,0.0,63889.213625,1.5
2026-06-23 04:35:00+00:00,2026-06-23 04:35:00+00:00,2026-06-23 04:40:00+00:00,2026-06-23 04:55:00+00:00,direction,direction,score,reasons,63826.2,63586.851749999994,81.28016035425753,WIN,4,15.0,1.6106238503937256,0.08773826422378271,1.500000000000017,1.5,take_profit,4.265299953189343,2.5331748632483686,-2.277385944962798,-2.2773859449627922,DOWN,SELL,0.5209581416921114,False,64037.87394182056,-0.0035948565587665135,NONE,0.0,63586.851749999994,1.5
2026-06-23 05:10:00+00:00,2026-06-23 05:10:00+00:00,2026-06-23 05:15:00+00:00,2026-06-23 05:40:00+00:00,direction,direction,score,reasons,63593.8,63355.32325,81.88976155691408,WIN,6,25.0,1.5334828237973068,0.39123310762997077,1.5000000000000102,1.5,take_profit,4.265299953189343,-0.0789848112210153,0.40404119474165684,0.40404119474165573,NEUTRAL,NEUTRAL,0.9461337481192306,False,63955.91239785279,-0.005217729480651637,NONE,0.0,63355.32325,1.5
2026-06-23 05:55:00+00:00,2026-06-23 05:55:00+00:00,2026-06-23 06:00:00+00:00,2026-06-23 06:05:00+00:00,direction,direction,score,reasons,63372.0,63134.355,82.50393476858926,WIN,2,5.0,1.8052136590292243,0.015148646089764913,1.4999999999999796,1.5,take_profit,4.265299953189343,-0.5985734544877475,0.5767274589940323,0.5767274589940325,UP,NEUTRAL,0.9986809679160701,False,63833.444186941204,-0.005687985431938128,NONE,0.0,63134.355,1.5
2026-06-23 06:20:00+00:00,2026-06-23 06:20:00+00:00,2026-06-23 06:25:00+00:00,2026-06-23 06:30:00+00:00,direction,direction,score,reasons,62633.4,62789.9835,-55.41514285290342,LOSS,2,5.0,0.5709413827127472,1.7026059578435693,-1.000000000000004,1.5,stop_loss,4.265299953189343,3.530956222831241,-1.8095877529238096,-1.8095877529238091,DOWN,SELL,0.7499896795665303,False,63561.93153605893,-0.012184187822284257,NONE,0.0,62398.524750000004,1.5
2026-06-23 06:45:00+00:00,2026-06-23 06:45:00+00:00,2026-06-23 06:50:00+00:00,2026-06-23 07:20:00+00:00,direction,direction,score,reasons,62883.7,63040.90925,-55.13806713863864,LOSS,7,30.0,0.21245569201554093,1.185680868015091,-0.9999999999999992,1.5,stop_loss,4.265299953189343,-0.34980315324345507,0.09349857634249038,0.09349857634249047,NEUTRAL,NEUTRAL,1.2173364604065333,False,63399.7532854985,-0.005431300431131783,NONE,0.0,62647.886125,1.5
2026-06-23 07:35:00+00:00,2026-06-23 07:35:00+00:00,2026-06-23 07:40:00+00:00,2026-06-23 08:10:00+00:00,direction,direction,score,reasons,62958.5,62722.405625,82.29356520441844,WIN,7,30.0,2.238935171581289,0.10737231668480954,1.5000000000000036,1.5,take_profit,4.265299953189343,-0.5770248849880326,-0.2029560570420509,-0.20295605704205086,NEUTRAL,NEUTRAL,0.7833243389098759,False,63361.31069872682,-0.0028177675579138346,NONE,0.0,62722.405625,1.5
2026-06-23 08:25:00+00:00,2026-06-23 08:25:00+00:00,2026-06-23 08:30:00+00:00,2026-06-23 08:30:00+00:00,direction,direction,score,reasons,61999.7,62154.69925,-55.27384462896785,LOSS,1,1.0,0.07483907180195094,2.096139174866985,-1.000000000000005,1.5,stop_loss,4.265299953189343,3.369700645624872,-1.972588204916361,-1.9725882049163603,DOWN,SELL,0.7848574696376348,False,63117.804034237866,-0.01388859664720858,NONE,0.0,61767.201125,1.5
2026-06-23 08:45:00+00:00,2026-06-23 08:45:00+00:00,2026-06-23 08:50:00+00:00,2026-06-23 09:20:00+00:00,direction,direction,score,reasons,62291.5,62447.22875,-54.99747540582346,LOSS,7,30.0,0.030822824944031917,1.2181437274748375,-1.000000000000013,1.5,stop_loss,4.265299953189343,-0.311483668034205,0.21146666729575575,0.2114666672957557,NEUTRAL,NEUTRAL,0.929861059196685,False,63049.73275363755,-0.007863346398782623,NONE,0.0,62057.906875,1.5
2026-06-23 09:35:00+00:00,2026-06-23 09:35:00+00:00,2026-06-23 09:40:00+00:00,2026-06-23 10:00:00+00:00,direction,direction,score,reasons,62379.2,62535.147999999994,-54.72248802879246,LOSS,5,20.0,0.45015005001665354,1.1843691486906172,-0.9999999999999787,1.5,stop_loss,4.265299953189343,-0.5841163485412615,-0.1699692180476892,-0.1699692180476891,NEUTRAL,NEUTRAL,0.3851066212346627,False,63016.10355222451,-0.004214035142208222,NONE,0.0,62145.278,1.5
2026-06-23 10:15:00+00:00,2026-06-23 10:15:00+00:00,2026-06-23 10:20:00+00:00,2026-06-23 11:30:00+00:00,direction,direction,score,reasons,62413.4,62569.4335,-54.44887558864887,LOSS,15,70.0,1.322151973774881,1.1958970349315918,-0.9999999999999853,1.5,stop_loss,4.265299953189343,-0.766236007147546,-0.9225401775197773,-0.9225401775197771,DOWN,NEUTRAL,0.4302525537074688,False,62993.36421790212,-0.0019534002791340857,NONE,0.0,62179.34975,1.5
2026-06-23 11:45:00+00:00,2026-06-23 11:45:00+00:00,2026-06-23 11:50:00+00:00,2026-06-23 12:50:00+00:00,direction,direction,score,reasons,62413.8,62179.748250000004,81.26494681605918,WIN,13,60.0,1.6457898733934027,0.7549612425456911,1.4999999999999918,1.5,take_profit,4.265299953189343,0.19378119791786905,-0.9904466253640262,-0.9904466253640252,DOWN,NEUTRAL,0.6040889344813458,False,62941.8562766147,0.0010088298264020184,NONE,0.0,62179.748250000004,1.5
2026-06-23 13:05:00+00:00,2026-06-23 13:05:00+00:00,2026-06-23 13:10:00+00:00,2026-06-23 13:30:00+00:00,direction,direction,score,reasons,62084.2,62239.4105,-54.58295594478709,LOSS,5,20.0,1.07789099319953,2.2363177748928442,-1.0000000000000067,1.5,stop_loss,4.265299953189343,1.3498932818893867,-0.13140804624123512,-0.13140804624123528,NEUTRAL,NEUTRAL,0.9052139259879177,False,62889.693166651254,-0.004438715623335016,NONE,0.0,61851.384249999996,1.5
2026-06-23 13:45:00+00:00,2026-06-23 13:45:00+00:00,2026-06-23 13:50:00+00:00,2026-06-23 13:50:00+00:00,direction,direction,score,reasons,62340.5,62496.35125,-54.310041165062685,LOSS,1,1.0,0.028873685645768,1.1093911662562954,-0.9999999999999982,1.5,stop_loss,4.265299953189343,0.515072711870467,-0.07865309001955846,-0.07865309001955853,NEUTRAL,NEUTRAL,0.9195926648660525,False,62829.15257300576,0.000584355033424622,NONE,0.0,62106.723125,1.5
2026-06-23 14:05:00+00:00,2026-06-23 14:05:00+00:00,2026-06-23 14:10:00+00:00,2026-06-23 14:10:00+00:00,direction,direction,score,reasons,62539.7,62696.04925,-54.03849095923724,LOSS,1,1.0,0.5634820761851979,1.2478473673522952,-0.9999999999999956,1.5,stop_loss,4.265299953189343,-0.7284316998134919,-0.108332106845245,-0.10833210684524469,NEUTRAL,NEUTRAL,0.8484398496949048,False,62816.49031248841,0.003567912012787908,NONE,0.0,62305.176125,1.5
2026-06-23 14:25:00+00:00,2026-06-23 14:25:00+00:00,2026-06-23 14:30:00+00:00,2026-06-23 14:35:00+00:00,direction,direction,score,reasons,62547.6,62703.969,-53.768298504440864,LOSS,2,5.0,0.8019492354622813,1.3442562144670898,-0.9999999999999922,1.5,stop_loss,4.265299953189343,-0.39203845490337547,-0.04584364135726951,-0.04584364135726976,NEUTRAL,NEUTRAL,0.9762541149017484,False,62809.09986667301,0.0029021535968629573,NONE,0.0,62313.0465,1.5
2026-06-23 14:50:00+00:00,2026-06-23 14:50:00+00:00,2026-06-23 14:55:00+00:00,2026-06-23 15:15:00+00:00,direction,direction,score,reasons,62498.5,62264.130625,80.24918551787931,WIN,5,20.0,1.8445242685824272,0.40832979991521656,1.500000000000013,1.5,take_profit,4.265299953189343,-0.8512264370766591,0.35912152239137257,0.3591215223913733,NEUTRAL,NEUTRAL,1.459596157275127,False,62801.189734079206,0.0017404550732602283,NONE,0.0,62264.130625,1.5
2026-06-23 15:30:00+00:00,2026-06-23 15:30:00+00:00,2026-06-23 15:35:00+00:00,2026-06-23 15:45:00+00:00,direction,direction,score,reasons,62414.5,62180.445625,80.85105440926262,WIN,3,10.0,1.559253058183614,0.3332558940630783,1.4999999999999982,1.5,take_profit,4.265299953189343,-0.5318939676955209,1.0176051506447443,1.017605150644744,UP,BUY,1.779299703534086,False,62779.21926956899,0.0005284238147559862,NONE,0.0,62180.445625,1.5
2026-06-23 16:00:00+00:00,2026-06-23 16:00:00+00:00,2026-06-23 16:05:00+00:00,2026-06-23 16:05:00+00:00,direction,direction,score,reasons,62419.3,62575.34825,-54.30495821155471,LOSS,1,1.0,0.0,1.9141515524845492,-0.9999999999999987,1.5,stop_loss,4.265299953189343,0.07263329806489079,0.28554344569008855,0.28554344569008827,NEUTRAL,NEUTRAL,1.0683380130685618,False,62770.17851913841,0.0007434016956544164,NONE,0.0,62185.227625,1.5
2026-06-23 16:20:00+00:00,2026-06-23 16:20:00+00:00,2026-06-23 16:25:00+00:00,2026-06-23 17:55:00+00:00,direction,direction,score,reasons,62572.2,62337.554249999994,81.05015013074667,WIN,19,90.0,1.7292024253582263,0.6168873717082027,1.5000000000000213,1.5,take_profit,4.265299953189343,-0.700225616724106,-0.318436625919566,-0.31843662591956506,NEUTRAL,NEUTRAL,0.8932856887008878,False,62766.01642818368,0.002576527173246577,NONE,0.0,62337.554249999994,1.5
2026-06-23 18:10:00+00:00,2026-06-23 18:10:00+00:00,2026-06-23 18:15:00+00:00,2026-06-23 18:45:00+00:00,direction,direction,score,reasons,62340.5,62106.723125,81.65802625672725,WIN,7,30.0,1.6996976283475524,0.27654574474056864,1.5000000000000207,1.5,take_profit,4.265299953189343,-0.4787378341004016,1.6278514322395847,1.6278514322395714,UP,BUY,2.1872365956450484,False,62754.73846594656,-0.002726556015279958,NONE,0.0,62106.723125,1.5
2026-06-23 19:00:00+00:00,2026-06-23 19:00:00+00:00,2026-06-23 19:05:00+00:00,2026-06-23 20:00:00+00:00,direction,direction,score,reasons,62344.6,62500.4615,-54.84697430243405,LOSS,12,55.0,0.7673479339028467,1.1157341614189613,-0.999999999999994,1.5,stop_loss,4.265299953189343,0.3095017051377354,1.2060195562629146,1.2060195562629115,UP,BUY,1.551837751782377,False,62743.075091899096,-0.001573960825897921,NONE,0.0,62110.80775,1.5
2026-06-23 20:15:00+00:00,2026-06-23 20:15:00+00:00,2026-06-23 20:20:00+00:00,2026-06-23 21:40:00+00:00,direction,direction,score,reasons,62449.2,62605.323,-54.57273943092207,LOSS,17,80.0,0.6725466459137988,1.0043363245646248,-0.9999999999999974,1.5,stop_loss,4.265299953189343,-0.8826953596108001,-0.4153983258713688,-0.41539832587136694,NEUTRAL,NEUTRAL,0.6252989027836573,False,62735.36735544745,0.001049516762343302,NONE,0.0,62215.015499999994,1.5
2026-06-23 21:55:00+00:00,2026-06-23 21:55:00+00:00,2026-06-23 22:00:00+00:00,2026-06-23 22:10:00+00:00,direction,direction,score,reasons,62563.1,62719.50775,-54.29987573376708,LOSS,3,10.0,0.06457480527658345,1.1719368125940237,-0.9999999999999903,1.5,stop_loss,4.265299953189343,-0.425825548685654,0.9203539039181452,0.9203539039181323,UP,NEUTRAL,1.4991719543737558,False,62730.64352458742,0.00328642749024305,NONE,0.0,62328.488375,1.5
2026-06-23 22:25:00+00:00,2026-06-23 22:25:00+00:00,2026-06-23 22:30:00+00:00,2026-06-23 23:45:00+00:00,direction,direction,score,reasons,62581.7,62738.15425,-54.02837635509963,LOSS,16,75.0,0.7542140913398006,1.2073817106278766,-1.000000000000016,1.5,stop_loss,4.265299953189343,-0.15117924800107144,0.3033789430880366,0.30337894308803487,NEUTRAL,NEUTRAL,1.1710004359197905,False,62729.65633201425,0.002786512897389303,NONE,0.0,62347.018625,1.5
2026-06-24 00:00:00+00:00,2026-06-24 00:00:00+00:00,2026-06-24 00:05:00+00:00,2026-06-24 00:05:00+00:00,direction,direction,score,reasons,62721.1,62877.90275,-53.75823447332415,LOSS,1,1.0,0.13328847867783858,1.0771494760136633,-1.0000000000000162,1.5,stop_loss,4.265299953189343,1.8224839827983104,1.514884314902596,1.5148843149025701,UP,BUY,1.3752602728083967,False,62734.4,0.002638283288560336,NONE,0.0,62485.895875,1.5
2026-06-24 00:20:00+00:00,2026-06-24 00:20:00+00:00,2026-06-24 00:25:00+00:00,2026-06-24 00:35:00+00:00,direction,direction,score,reasons,62808.6,62965.6215,-53.48944330095753,LOSS,3,10.0,0.29167980181055225,1.2183044997022885,-1.0000000000000164,1.5,stop_loss,4.265299953189343,0.039553532291185585,-0.7020146980860759,-0.7020146980860733,DOWN,NEUTRAL,0.6095368762950103,False,62813.17634006891,0.0031136156703608087,NONE,0.0,62573.06775,1.5
2026-06-24 00:50:00+00:00,2026-06-24 00:50:00+00:00,2026-06-24 00:55:00+00:00,2026-06-24 02:20:00+00:00,direction,direction,score,reasons,62954.6,62718.52025,79.83299412667684,WIN,18,85.0,1.9912762530458548,0.8660209103068109,1.499999999999982,1.5,take_profit,4.265299953189343,-0.26149304275649643,-0.031903877425981504,-0.03190387742598055,NEUTRAL,NEUTRAL,1.3148578507150974,False,62864.64938637993,0.0042806278439974825,NONE,0.0,62718.52025,1.5
2026-06-24 02:35:00+00:00,2026-06-24 02:35:00+00:00,2026-06-24 02:40:00+00:00,2026-06-24 03:35:00+00:00,direction,direction,score,reasons,62628.1,62784.670249999996,-53.621161055084244,LOSS,12,55.0,1.4389706856825972,1.0979097242292293,-0.9999999999999812,1.5,stop_loss,4.265299953189343,0.5307852156043684,-0.831705476448638,-0.8317054764486351,DOWN,NEUTRAL,0.6002490099603984,False,62864.968696247146,-0.0029411204387277544,NONE,0.0,62393.244625,1.5
2026-06-24 03:50:00+00:00,2026-06-24 03:50:00+00:00,2026-06-24 03:55:00+00:00,2026-06-24 05:30:00+00:00,direction,direction,score,reasons,62728.3,62885.12075,-53.35305524980947,LOSS,20,95.0,1.4558022455574464,1.018360134102133,-0.9999999999999932,1.5,stop_loss,4.265299953189343,-0.8896627082457101,0.14319312798996628,0.1431931279899662,NEUTRAL,NEUTRAL,0.9587520481904888,False,62771.82726910622,-0.0006895910178754008,NONE,0.0,62493.068875000004,1.5
2026-06-24 05:45:00+00:00,2026-06-24 05:45:00+00:00,2026-06-24 05:50:00+00:00,2026-06-24 07:25:00+00:00,direction,direction,score,reasons,62889.9,62654.062875,79.62943496034057,WIN,20,95.0,1.5894444099927107,0.0,1.4999999999999885,1.5,take_profit,4.265299953189343,-0.22941857493173276,-1.7600300859755513,-1.7600300859755402,DOWN,SELL,0.5831023946564343,False,62773.19239348127,0.0028207743974861233,NONE,0.0,62654.062875,1.5
2026-06-24 07:40:00+00:00,2026-06-24 07:40:00+00:00,2026-06-24 07:45:00+00:00,2026-06-24 10:20:00+00:00,direction,direction,score,reasons,62668.7,62433.692375,80.22665572254319,WIN,32,155.0,1.5484603956999174,0.749975665683188,1.4999999999999896,1.5,take_profit,4.265299953189343,-0.05046887216980129,0.7392995513730009,0.7392995513729966,UP,NEUTRAL,1.51227370561593,False,62769.090932143205,-0.0015206190502599721,NONE,0.0,62433.692375,1.5
2026-06-24 10:35:00+00:00,2026-06-24 10:35:00+00:00,2026-06-24 10:40:00+00:00,2026-06-24 11:05:00+00:00,direction,direction,score,reasons,62572.1,62337.454625,80.82835564046283,WIN,6,25.0,1.9177876401782903,0.1783542505365903,1.5000000000000004,1.5,take_profit,4.265299953189343,0.044744920720218184,-0.0552433168952964,-0.05524331689529651,NEUTRAL,NEUTRAL,0.7545673263484672,False,62737.86198196269,-0.0012312066948068873,NONE,0.0,62337.454625,1.5
2026-06-24 11:20:00+00:00,2026-06-24 11:20:00+00:00,2026-06-24 11:25:00+00:00,2026-06-24 11:35:00+00:00,direction,direction,score,reasons,62390.0,62545.975,-54.28971220517702,LOSS,3,10.0,0.4334027889084696,1.4034300368648915,-0.9999999999999907,1.5,stop_loss,4.265299953189343,-0.18551597655651758,0.23856841654256647,0.23856841654256608,NEUTRAL,NEUTRAL,0.7917268385554419,False,62699.816395756214,-0.002590130933896614,NONE,0.0,62156.0375,1.5
2026-06-24 11:50:00+00:00,2026-06-24 11:50:00+00:00,2026-06-24 11:55:00+00:00,2026-06-24 12:50:00+00:00,direction,direction,score,reasons,62900.5,62664.623125,81.02739546622806,WIN,12,55.0,2.0559455012281487,0.2467388971471,1.5000000000000109,1.5,take_profit,4.265299953189343,0.9280379518986399,-0.7466851284426314,-0.7466851284426309,DOWN,NEUTRAL,0.7280892244974696,False,62722.52396691272,0.003880182999772973,NONE,0.0,62664.623125,1.5
2026-06-24 13:05:00+00:00,2026-06-24 13:05:00+00:00,2026-06-24 13:10:00+00:00,2026-06-24 13:10:00+00:00,direction,direction,score,reasons,62217.1,61983.785875,81.63510093222317,WIN,1,1.0,1.6992113100738904,0.009643651021985916,1.4999999999999816,1.5,take_profit,4.265299953189343,2.1603033642038914,-1.7822711177868062,-1.782271117786806,DOWN,SELL,0.6790640192395141,True,62700.342011239925,-0.006595816507657773,NONE,0.0,61983.785875,1.5
2026-06-24 13:25:00+00:00,2026-06-24 13:25:00+00:00,2026-06-24 13:30:00+00:00,2026-06-24 13:30:00+00:00,direction,direction,score,reasons,61824.4,61978.961,-54.83157612614443,LOSS,1,1.0,0.9342589657158109,1.961038036762175,-1.0000000000000098,1.5,stop_loss,4.265299953189343,0.2636300700568429,0.5854364590133699,0.5854364590133702,UP,NEUTRAL,1.0961485508332947,False,62575.74691470084,-0.009476990637951117,NONE,0.0,61592.5585,1.5
2026-06-24 13:45:00+00:00,2026-06-24 13:45:00+00:00,2026-06-24 13:50:00+00:00,2026-06-24 13:50:00+00:00,direction,direction,score,reasons,61457.9,61611.54475,-54.557418245512984,LOSS,1,1.0,0.2147811754062537,1.085621213871581,-0.9999999999999964,1.5,stop_loss,4.265299953189343,1.7376779920796004,-0.8327167245340732,-0.832716724534073,DOWN,NEUTRAL,0.7767685859865346,False,62413.39262182359,-0.011806374145358213,NONE,0.0,61227.432875,1.5
2026-06-24 14:05:00+00:00,2026-06-24 14:05:00+00:00,2026-06-24 14:10:00+00:00,2026-06-24 14:10:00+00:00,direction,direction,score,reasons,61326.9,61096.924125000005,81.42694673142715,WIN,1,1.0,1.6260401226868009,0.5713642789705564,1.499999999999977,1.5,take_profit,4.265299953189343,-0.2589860935621489,0.649141462169808,0.6491414621698076,UP,NEUTRAL,1.2202620803687092,False,62310.87970702325,-0.01181776194059235,NONE,0.0,61096.924125000005,1.5
2026-06-24 14:25:00+00:00,2026-06-24 14:25:00+00:00,2026-06-24 14:30:00+00:00,2026-06-24 14:50:00+00:00,direction,direction,score,reasons,61209.4,60979.86475,82.03764883191441,WIN,5,20.0,1.6030217580959976,0.9776276192872241,1.500000000000005,1.5,take_profit,4.265299953189343,-0.9793818601199302,0.5944820343732428,0.5944820343732424,UP,NEUTRAL,1.1960576591772818,False,62177.47566843554,-0.010988845737640097,NONE,0.0,60979.86475,1.5
2026-06-24 15:05:00+00:00,2026-06-24 15:05:00+00:00,2026-06-24 15:10:00+00:00,2026-06-24 15:20:00+00:00,direction,direction,score,reasons,60885.4,61037.6135,-55.1019541321016,LOSS,3,10.0,0.32454414358779904,1.5997266996685575,-0.999999999999987,1.5,stop_loss,4.265299953189343,-0.2806995706936465,-0.9758558719402086,-0.9758558719402086,DOWN,NEUTRAL,0.6290197359695405,False,62074.66788669442,-0.014020134874662618,NONE,0.0,60657.079750000004,1.5
2026-06-24 15:35:00+00:00,2026-06-24 15:35:00+00:00,2026-06-24 15:40:00+00:00,2026-06-24 15:45:00+00:00,direction,direction,score,reasons,60632.7,60405.32737499999,82.23966654216402,WIN,2,5.0,1.977150943302852,0.11281041418248451,1.5000000000000238,1.5,take_profit,4.265299953189343,0.20423525408164023,-1.0759630266348232,-1.0759630266348212,DOWN,SELL,0.6669387488318492,False,61969.73126826863,-0.01589244107920298,NONE,0.0,60405.32737499999,1.5
2026-06-24 16:00:00+00:00,2026-06-24 16:00:00+00:00,2026-06-24 16:05:00+00:00,2026-06-24 16:10:00+00:00,direction,direction,score,reasons,60266.3,60416.96575,-55.23764269415267,LOSS,2,5.0,0.48650738472415206,1.749568166620473,-1.0000000000000007,1.5,stop_loss,4.265299953189343,0.5553822912266552,0.46995381626752825,0.46995381626752764,NEUTRAL,NEUTRAL,1.0320668566072408,False,61829.33730955996,-0.017405819241802314,NONE,0.0,60040.301375,1.5
2026-06-24 16:25:00+00:00,2026-06-24 16:25:00+00:00,2026-06-24 16:30:00+00:00,2026-06-24 16:35:00+00:00,direction,direction,score,reasons,60519.1,60292.153375,82.44218172102167,WIN,2,5.0,1.6840964257564677,0.13218967235137336,1.4999999999999793,1.5,take_profit,4.265299953189343,-0.12204659399271868,-0.9631454272817511,-0.9631454272817503,DOWN,NEUTRAL,0.6006014478973647,False,61750.26109074261,-0.011492927405970625,NONE,0.0,60292.153375,1.5
2026-06-24 16:50:00+00:00,2026-06-24 16:50:00+00:00,2026-06-24 16:55:00+00:00,2026-06-24 17:00:00+00:00,direction,direction,score,reasons,59862.2,60011.8555,-55.37366538928727,LOSS,2,5.0,0.8519566604635314,1.0891681227886714,-1.000000000000005,1.5,stop_loss,4.265299953189343,4.103390241232299,-3.8582513778389025,-3.8582513778389025,DOWN,SELL,0.5890112726482736,False,61498.06115617745,-0.0176261849662624,NONE,0.0,59637.71675,1.5
2026-06-24 17:15:00+00:00,2026-06-24 17:15:00+00:00,2026-06-24 17:20:00+00:00,2026-06-24 17:20:00+00:00,direction,direction,score,reasons,59562.2,59338.84175,82.6451955935099,WIN,1,1.0,1.7608483232654073,0.06917138722211678,1.4999999999999831,1.5,take_profit,4.265299953189343,-0.10247254756296419,-0.01827272722176102,-0.018272727221761872,NEUTRAL,NEUTRAL,0.7323983812056652,False,61387.638652209156,-0.019182626603353792,NONE,0.0,59338.84175,1.5
2026-06-24 17:35:00+00:00,2026-06-24 17:35:00+00:00,2026-06-24 17:40:00+00:00,2026-06-24 17:45:00+00:00,direction,direction,score,reasons,59439.3,59216.402625,83.26503456046231,WIN,2,5.0,2.552519965746588,0.40781099373645746,1.500000000000003,1.5,take_profit,4.265299953189343,-0.38003121805873735,-0.1889996650430417,-0.18899966504304191,NEUTRAL,NEUTRAL,0.48305020520964725,False,61270.131884899856,-0.017344060306984547,NONE,0.0,59216.402625,1.5
2026-06-24 18:00:00+00:00,2026-06-24 18:00:00+00:00,2026-06-24 18:05:00+00:00,2026-06-24 18:10:00+00:00,direction,direction,score,reasons,59417.0,59565.5425,-55.926348213111616,LOSS,2,5.0,0.4981739232879479,1.1511856875978257,-1.0000000000000215,1.5,stop_loss,4.265299953189343,-0.5876782950997821,0.6600464980478258,0.660046498047826,UP,NEUTRAL,1.1806804478897501,False,61151.29757957227,-0.01342066562972498,NONE,0.0,59194.18625,1.5
2026-06-24 18:25:00+00:00,2026-06-24 18:25:00+00:00,2026-06-24 18:30:00+00:00,2026-06-24 18:45:00+00:00,direction,direction,score,reasons,59678.0,59454.2075,83.47007470806847,WIN,4,15.0,1.835182144173752,0.28151077448976175,1.5000000000000215,1.5,take_profit,4.265299953189343,-0.5998208959471704,0.38671896534816674,0.3867189653481675,NEUTRAL,NEUTRAL,1.079330298114802,False,61086.46285785832,-0.006438542188346147,NONE,0.0,59454.2075,1.5
2026-06-24 19:00:00+00:00,2026-06-24 19:00:00+00:00,2026-06-24 19:05:00+00:00,2026-06-24 19:25:00+00:00,direction,direction,score,reasons,59654.9,59804.03725,-56.0640668455851,LOSS,5,20.0,1.1412306449260958,1.0694846525599742,-0.9999999999999984,1.5,stop_loss,4.265299953189343,-0.6471752825594022,0.7463519654373635,0.7463519654373655,UP,NEUTRAL,1.8362931427277578,False,61044.10424074848,-0.004902397099284874,NONE,0.0,59431.194125,1.5
2026-06-24 19:40:00+00:00,2026-06-24 19:40:00+00:00,2026-06-24 19:45:00+00:00,2026-06-24 19:55:00+00:00,direction,direction,score,reasons,59752.7,59902.08175,-55.783746511357435,LOSS,3,10.0,0.2737951590471673,1.4767533517314253,-1.000000000000003,1.5,stop_loss,4.265299953189343,-1.1767397978887515,-0.45894247390583864,-0.4589424739058426,NEUTRAL,NEUTRAL,1.170451899671923,False,61015.50872301666,-0.0009586297290703607,NONE,0.0,59528.627375,1.5
2026-06-24 20:10:00+00:00,2026-06-24 20:10:00+00:00,2026-06-24 20:15:00+00:00,2026-06-24 20:30:00+00:00,direction,direction,score,reasons,60648.6,60800.2215,-55.50482777880088,LOSS,4,15.0,0.6074336423264415,1.5617837839620563,-1.0000000000000073,1.5,stop_loss,4.265299953189343,0.29056139750941296,-0.23173038711353783,-0.2317303871135397,NEUTRAL,NEUTRAL,1.0837103573340021,False,60975.30790729388,0.013955807349494281,NONE,0.0,60421.16775,1.5
2026-06-24 20:45:00+00:00,2026-06-24 20:45:00+00:00,2026-06-24 20:50:00+00:00,2026-06-24 20:55:00+00:00,direction,direction,score,reasons,61144.2,60914.90925,82.84095545985974,WIN,2,5.0,1.6492161153469898,0.2865357629996167,1.5000000000000007,1.5,take_profit,4.265299953189343,0.746756833626783,1.4539551250706004,1.453955125070601,UP,BUY,1.848377569124248,False,60968.8868851443,0.02159577594863137,NONE,0.0,60914.90925,1.5
2026-06-24 21:10:00+00:00,2026-06-24 21:10:00+00:00,2026-06-24 21:15:00+00:00,2026-06-24 21:20:00+00:00,direction,direction,score,reasons,60691.3,60843.02825,-55.64150841720581,LOSS,2,5.0,0.2669245839189472,1.2436708391482607,-1.0000000000000007,1.5,stop_loss,4.265299953189343,-0.3953665464721453,-0.5864943559451349,-0.586494355945134,DOWN,NEUTRAL,0.703682649091329,False,60967.08477806295,0.012342345491891548,NONE,0.0,60463.707625,1.5
2026-06-24 21:35:00+00:00,2026-06-24 21:35:00+00:00,2026-06-24 21:40:00+00:00,2026-06-24 22:00:00+00:00,direction,direction,score,reasons,61049.4,61202.0235,-55.36330087512029,LOSS,5,20.0,0.520889640193024,1.3536578574072704,-1.0000000000000098,1.5,stop_loss,4.265299953189343,-0.4275567505256598,0.29142881358569067,0.2914288135856894,NEUTRAL,NEUTRAL,1.9215807022318998,False,60966.37434862847,0.016259513962022167,NONE,0.0,60820.46475,1.5
2026-06-24 22:15:00+00:00,2026-06-24 22:15:00+00:00,2026-06-24 22:20:00+00:00,2026-06-24 23:55:00+00:00,direction,direction,score,reasons,60902.3,61054.55575,-55.086484370742916,LOSS,20,95.0,0.9819005193564118,1.208492946900199,-0.9999999999999778,1.5,stop_loss,4.265299953189343,-0.11459673581306072,-0.2185696367049961,-0.21856963670499907,NEUTRAL,NEUTRAL,0.8026506605566059,False,60967.59676919478,0.008382747371087062,NONE,0.0,60673.916375,1.5
